Peptide Sequences,Binding Affinities
LEEIHKLFNPPRKPSY,107.233
SAIPRVIPFVGTDLRE,95.748
SDKLEFIPFVGARLTK,85.979
PEEIKKIKFLKSIPGS,101.295
PEEVKKVKQPEYEPGS,87.765
PEEVHKIKQSESYPGS,88.68
STSAIMNAFKGYYLGE,94.861
SNAVHKILQDAFVPAD,98.012
SAVWKINPFKGMFLGE,100.768
PEEIKKIKQPESLPSS,90.024
PRDAHYLKWAPSYPSS,104.574
SEEIKTIKNPESIPAE,101.655
EHEISTIPIPPSVPAD,96.223
TSELYKVGQPSLIPGF,99.563
PEDVKSIYQLESYPSY,90.175
SLTVYFEAFKGMYLGD,110.195
SLRLIIVPHVGAYMGE,93.729
PEDIHTIYHSDSVPSE,92.336
PDDVSKIKFPSSEPSS,98.093
DTQLVIIPNVGAYYSD,87.302
DLVLIIIPFVGIYYGE,76.316
LEQIKTIHIPEELPGS,106.315
SATMFIEVNKGYYISD,86.726
EHRLVLHVNLGAYFTE,96.452
TEEIKLITHPSWEPSE,96.919
DEEIYVIPQPPVFPSE,99.698
SKKLVIIPNVGSYWTD,114.97
PDNISYISNPSSTPSS,101.236
PDDIYIVFQQPSLPSS,109.191
PDEVQKIPVPPGVPAE,90.053
DTVLKVIPFVGRYYGP,111.206
QKRLVVYVFKGYYIGD,109.254
PDDTQLVKHQPSYPSE,91.314
QTKMYIKAFVGYELRE,104.35
EKRWKFKAFVGMYVGD,70.397
TKVPVMKINKGYYLTD,111.219
DEEMKLLFKSDQYPSE,107.799
SKKLVIYAFKYTEVRE,88.89
EKRLVILKDVGSRIED,131.653
PEETSRIFFLDREPSE,113.19
PDDIKTIFQPSGEPSD,98.625
TEEIKKIYIPPSQPSS,87.662
QLYLKIYTNKGAEITS,93.371
SKTLVIIPFVGFFIGD,72.992
SESLKIVPYKGTFYGE,91.049
EPKIYYKTNRGIEFGE,120.125
ELKLYIIPFVGYYVSE,86.414
DSEIKEIRQEEKYPSE,95.425
PDDLKTIKFLPSYPSS,111.89
PENIHVIPIPSSKPGD,86.547
SATLKINPFKGYYVGE,71.353
PEEVKKIKQSSTVPSE,99.27
YEDMRKILFNDNVPHS,109.626
SSDWKYEPYKGISLTE,82.282
KNEESQRSNPELYPGS,87.615
PDDTQIVKQPPSIPGS,90.937
PDDIHTIRQRPSYPSE,95.451
SSTMVVVPFKGMYVGY,91.5
PEDIKSIEFDVRKPGD,100.25
KPIPKTWAFKTFELGE,77.483
TVIEDIKPNAGSSTGE,82.1
SPTLIVYPWKGYYFGE,75.462
EEEIKFIKQPENVPGD,98.463
PEDIKSIGQPDAEPGD,94.534
LSVMYVRKDEGYYFGS,110.138
QKHLKVIMFVGASFTD,89.793
KVVTKRIMFVGQDDSE,98.896
PDDLKKQKNPPSPPSY,110.78
IDDISSLLDDDVVPSS,94.748
PEDIKRISNPSSEPSY,97.218
DEEIKYILDPPNKPAS,111.824
SDEVHVLLYPPSIPGS,94.324
MKILYIYVYKGYEVGD,82.451
QPTIVVNPNKGMYVGE,86.138
DKILYYKAFIGYYVSD,89.719
PDDTKNVSYPKDVPSE,99.509
TKELKTIYFDEIVPGS,87.431
QDVPTFDPFKGERMTK,83.616
ETKLKTYILKGSEWGE,87.195
PENISQVPQSPQLPSE,91.051
EAKWKIEAFKGMDLGE,109.168
STKLYSKMNRGTEYRE,81.248
PDEVQKTFQSDSYPSS,98.543
QKRMEYRINKGYDITE,92.583
PDDVKYIKFPTSEPGE,92.344
DIILFYIAFKGYYESE,87.371
MTRMFVKLFKSSYYSS,116.743
PDDARYVKVPSSLPSE,89.354
QKILYVNPFKGYYTGE,82.1
DRKLVIHPNKGFYIGP,78.501
QSTDIQNTNKGMSISD,121.809
KEEIKKIFIPPDVPAS,92.721
PKDMKQIKHPEWLPGS,100.473
LEEVQVLKMNHHLPSE,104.444
ETRLYVNPFYGAYVGE,86.464
SEELKTYFFSESDPSE,87.049
PEDVHRPIFKPSEPSE,97.737
MLKIYMKLNIGYYVTE,98.729
PDDISSLSQPTTVPAS,97.287
SSKLIILAFKGIYWGD,95.051
SEEVTQITQPSKEPGS,85.891
IDNTQYVGHPTDEPSE,95.218
MPVLNRKAFIGENPYE,116.442
EIRFYFKPFCGYYVGE,85.358
PDDMKTLSKPPKVPAY,90.12
DEEISQILFDHKLPSS,106.43
SAKLFMKKDIGYSIFE,91.119
PDDKSQPSLSQSYPSE,97.09
PEDIKTIFQPPSLPSE,95.908
PDDIKSIYQPSDVPSE,87.055
PDDLKTIVVPPSKPSE,94.558
SSYLQTYTNKGAQYQE,83.603
PKDIKLIKQLPSYPSE,105.107
PEDIHSVYQPDDVPAE,91.025
DPVMKLHVNKGFEIGE,88.096
ISVLYFKTNRGQYVSS,120.726
PEDIQTVTQPDDVPSE,91.157
DEERAQESKPDSAPSE,89.039
RYEIHEVKFDQKLPGE,94.353
QLRWKINPFKGIDLDS,93.399
DPKLIVYAFKGYDVGE,85.962
PDLARESRQPPSLPGS,101.69
QPTLRFIPFVGQYIGQ,82.797
STRLIVNPWKGAYFGE,79.616
SLELKVIPFVGIYVSS,72.095
PEDIKNLYNPTAEPSY,94.148
EEEIRTWAYLPSLPGE,107.332
AEEIHRIPNPPSVPAS,91.554
PDNTKYVPFPPSEPSD,88.247
STKWIWYAFKGYVLTD,105.645
QKFVYIKAFIGSELRE,113.015
DKRMVIIPFKGYYITD,104.221
PEDIKTIYQPDAEPSE,96.927
PDDIKRLQAPKSKPSY,94.398
SDNIHYLDFAPQYPSS,87.227
SAQLVVKPFKGMYWSD,77.902
QPTIYYKFNKGSFYGE,86.016
PDELKIIKIPDGEPGS,90.645
EHELKRIHNPESVPAS,87.786
SETLKVKILKGASVGE,115.208
TPLGYWIAHKGYYVGE,123.096
FSVAYLILNKGMYYSS,90.871
SKVLKIKPFVGMFYGE,106.753
QETLIVIPFKGQYMGP,71.813
QEEISKIPWAPRYASE,90.369
MKIMRIKPNIGYSIGD,127.731
RSEAHEIRFLPYYPME,105.627
SELIKYIFHPDKIPGS,103.338
PEDVSVVYVPPSIPGD,113.29
PDEAYYLKYLPQSPSE,137.02
LYELKVPSHPPSKPSE,93.486
PDNVHRDTHLPYEPSE,105.92
PEEIKKIKQPLDRPGD,93.541
DEEVSQLPSLQSYPSE,90.023
PDEIKKIKHPSSSPSY,103.706
PDDISKEKYVPIYPSE,98.656
DDEVHYITNPSKKPGS,98.521
QSYLIIIPFVGEYWGE,74.46
PDDTKYVKHPESLPSE,103.621
EEEIYILYQPKSLPSE,97.936
LEEIKYIYQPPSEPSS,98.332
SDILFIEAWKGWYISK,107.553
PEDIKNLHQPTSLPSE,95.473
PDEISKIIQSESYPGS,101.185
NDEISEIKYPVEPLSY,96.367
PDDIKSVHKSQRKPGE,101.666
HSVLYIKAFIGYSEGP,115.173
LDEAKYIILLLLRPGE,123.709
SEVLKMILGKGYDWGE,76.715
EDELKYVFFLPSTPSE,90.009
EEEIHYIKQPLTEPSE,92.034
EEEISKLFQPESEPGD,88.342
EEEKKLVLYPSDVPSE,115.774
QATLKINPWKGQYIGE,82.14
QEVLVIIPFVGIFYGE,73.432
PDDIHRFSHPTSKPSS,98.07
PDDIKSINNPKSVPAD,97.969
QSVLIVEAFKGMYYGD,92.899
PDDAHYLKQPTSLPGE,93.842
QPTLIILPFKGYYYGE,83.092
PDNTKYVTNPESKPSE,94.48
PDDIHSTSTPEGKPGS,85.87
VKEVSKIFFPPDVPSY,82.955
ILVMRAKAFVGFSVSE,115.104
STTLFINALVGAYIGE,122.741
DKRIEIIKGHGYRITD,163.911
PEDIKSLNQSPSTPSD,103.121
GDEIYYENLPPVPPGE,83.908
RDEVHYIRIPESQPSE,105.324
SSTIKWELFKGYYEGE,93.41
QPVLIIYPFKGITYGE,79.275
PEDLKRLSNPDSEPGE,93.722
DPVLKVNPFKGQFYGE,70.168
SAVLIIYMFKGAEISE,104.543
STQLFLKEFVGYELRE,107.052
QTTWKINPFKGMDLTD,99.667
QSFLKLYPKKGQDMAD,79.159
PDDARLIKIPSSLPSE,103.852
QDTLVVKLGKGSYMGK,106.389
SATLYFKAFVGMEKRE,74.752
DSEIHYIPWAPVQPSY,100.627
EEEVKQIFFSAKYPSE,91.948
PKDIKYLPFAPQYPSE,84.511
TDELKEYHVDEEYPSE,100.239
QIFQYSIPGKGSYWGP,85.645
PDDMDYKKDLPLYPSE,110.89
PEETKKVSVPTQEPSE,97.254
DPTIRVIPFVGIYYGE,91.187
PKDIKYIKNPESVPAD,89.862
QPVIKINPFKGMSIGE,94.909
PDDAKKYKIPSMEPSE,94.9
QPDLKILAFKGLYYDE,101.553
MITQKAKAFLGSELTE,116.192
PDDIHHVYQLPSYPSE,90.604
YALMYIEAFVGSEVRE,102.36
QATLIIIPFVGAYYGE,91.253
QPTIKFNINKGYFVGE,80.055
PDDIHSTSVPTQEPSE,104.875
SEDTSQLSLPTSLPSE,101.559
IKTVFIIKDVGYFMGD,101.149
FDINYVKSFKGYEIRK,93.156
PENIKYLSYPTDKPSY,95.805
SKVLIVYTNLGAYYGE,87.703
EPKPKYEVNKGYYIGE,73.218
KENISAIFFNADVPAY,108.934
DPKVKMIPGVGYFVGE,80.674
SDQLYVIPLVGAETRS,78.967
SPYLQIHPWKGSEITD,69.973
ETKLYIIPFVGMEYRE,101.355
QPYLIIVPYKGTYYGE,77.876
PKDVSQIKLPPSKPGS,90.711
ILRMVEKNNKGYYVTE,122.77
QPSLKINPFVGADIGE,94.446
STVLKINPFKGYSLGE,98.514
LDEVKEIRLPLDVPSE,100.128
DTIPKIVPWKGMDLGE,108.4
SEDKEIPKQLDKYPSE,106.845
DIRFIFEAFKGYYLGD,80.625
PDDISTVPNPPSLPQS,92.658
DEEIKQIKLPESKPSE,96.497
PDDSSTYPNPPHTPSS,106.903
NDEIHYLFIPPSIPAS,122.127
QKVVLWLKDIGSKMGD,72.124
SEEVHKYHHGDETPGS,92.683
PDDVLKIPVASLRPSE,111.782
SEEISQINQPPRVPAE,99.134
QKRTILKLNKGAIYGD,87.049
SDVMVVYILKGAYIGK,103.238
PEDVHKIIFSESQPSY,94.046
QPRLIIIPHKGMYMGE,75.475
HEEMKYLYFPEEVPSY,100.85
ETRLYVNINKGAYIGE,83.972
ETRWYWYAFKGYEVRE,97.525
EHELKAIFQPSSLPSE,98.429
EKKFILNPWKGYYMGE,126.433
PDDTKRITNPKEEPAE,88.407
SEKDYFEAFKGYFRGE,84.602
PDDRLKIIQLPSYPGS,90.885
DDVLYIIPFVGVYVSK,95.605
PEDVSVIFFLPSQPSE,96.104
QPYFLLYPHKGYNVGE,69.779
EEEVKKIIFLPSYPGS,90.892
SDVLYVKAFKGMYFGK,84.566
SKVLIIYAFKGYYVGE,95.342
SAVFKMKAFKGYSIGE,94.889
EKILYYKPWCGYYISD,116.562
QPTLIVIPFVGIYFGE,70.233
SDQLYIIPFVGQYIGP,80.587
STKLVVYAFKGMYIGE,96.564
DDELKVIFIPDKIPSE,106.306
KHEIKEIHLLPSYPSY,90.703
SPDWYIVPFVGLYLYE,82.262
PHDLKTITFSDKYPPQ,89.006
TDEIHEIRLLESYPSY,88.701
EHETSTIPVPPEPPKS,95.146
DPVLVVNPFVGAYIGE,106.459
PEDVKSIYVPESWDGE,87.922
KEDISNVYHDEDEPSE,91.556
QKYMYYEAFKGYYISD,75.561
SPTLVVIPFRGYYIGE,94.839
QEVPKFKAFVGSDWSE,92.591
LHDMKTIYQPDQIPAY,94.25
SDEVSQISNPTAIPSE,93.446
PEDLKSISYPEFEPSE,102.387
SKTLFFKAFVGIYWGE,82.67
PEEIHKIKLPESKPSE,93.141
SSKLVIKTNKGQYVSE,76.614
GDEINSIPNPPSEPKG,113.965
SETFVVIPFVGMYMGE,81.872
QKVFYLNPFKGYYFGD,91.461
QPDIKIEPNKGMYIGE,68.077
EKEVKVIVLDHKVPSD,92.442
QAVIKMKLNIGYFLGE,92.042
AEDVRSISNPTAEPGD,96.208
DEEVHKVHFLPSYPSY,91.02
PDDIEYRQIPPRVPSE,112.464
DLIPYLNAFKGMELRE,108.096
SAVLKYKPFKGYYMGE,84.347
EIRLYSKKDVGSYVGP,74.478
QETLVIIPGKGAYYGE,84.024
PEDVQRITNPDKEPSY,102.708
LLLLKYITIPEEHPSY,104.118
LEEIKYIPSSHWYPSE,95.369
SEKYVINPHKGMYVGE,71.269
QLVLIVNAFKGMYIGS,89.753
PDEIKKVPVPPSYPSE,88.508
ADDIHYIYKDLLLPQH,95.703
DTIMYVIAFKGAYWSD,76.917
QEVLKFIPGVGAFFGP,78.918
ERRPKFIPFVGYFVGE,75.782
SEEISKIKVLPSYPSE,86.523
SSKFVLYPFKGYYEGE,81.041
PDDTKLIKVLPSYPSS,93.528
PEEVKRIPSPPSLPSE,91.981
SLQLYVVIDRGFYWSS,108.194
DEELKIIFLLPSYPSE,96.807
SIRMVIKTNLGYYFGE,113.19
DERFKFKPFRGYTQGP,78.218
QPVEKWKAFKGYFVGE,77.117
EPQPQAIPNVGAWISE,82.745
QEEIKYIYFPESLPSE,92.292
SKTLIVNPWKGLYFGE,78.945
TLVMYAKAFKGFYISD,110.764
EDEMKKQFNTDEKPSE,102.927
PEDIKQVHNPPSIDSK,103.1
STKLYILPNKGAYLAE,84.824
LKATQEIHQPDSVPSD,92.614
AEEVKKIFNPTSKPGE,98.974
PYDLKKIPNPPSVPAD,92.522
KEEVSTILKDDDYPSE,102.722
SSTDIFIKDVGMFKGD,86.788
LEEIKTISDSEVKPSE,100.437
RSEMKYLSVPERKPSE,101.926
PEDIKKIKQPDVVPSS,101.689
EEEIHYIFYPTSTPST,93.019
PDEIKKLTDPPLVPAY,102.202
SSRLIMYLNVGYYISE,124.373
SQDTSQIKQDEDEPSS,94.487
DNEQLLEFLPPSIPSE,102.401
GEEIYYLSNPDKEPRY,99.922
SDKWKIVPFVGMDLTK,96.795
QETLIYKAFVGYYFGP,100.906
STTLKTKAFIGQYLGE,84.517
PEEVKKIKQSIREPSS,104.11
STQLKINPFKGYTTGP,105.678
PDEIHKLYFPTSIPGE,106.252
NELVSYITNPDAEPSE,96.576
PEETKKVSLPSDEPSE,96.981
QLYVYLLLHRGSYVTE,99.633
DQWYKKRSNPPYVPGE,85.784
QETWKIEVNKGFFFGE,105.57
DSQVVFDKDKGSYVQD,106.242
DTEMKYIPVPTSVPGE,85.826
QKILRIKWNKGAYIGD,83.549
SLQLIIIPFKGYYVSE,98.116
EEDVKLIKIPPSVPGS,99.488
PDDIHSLFQNDDVPAE,108.188
KVVLKIKPFVGMYYGE,102.63
PEDVKNVYLPPSSPSE,100.402
EPKLKLNPWKGASIGE,72.831
PDDIKTVYQPDDVPSE,98.651
PDEVSKIFQPPSKPSS,106.129
SSHEKLIPLVGSSVGE,71.824
QEYTKYKKDRGTYMGE,86.524
SSKLVIEPFKGQFMGE,80.012
QLKPIIVPHVGVYIGE,159.234
STRMEIKALVGYRFTE,89.018
PDNTSTTSNPDWEPSE,95.934
PEDIKTTFQPESEPSE,98.411
PEDIKSIIQLPSYPSY,93.642
QKRLVLKMFKGEYYTD,102.736
SPRIVIVPGKGYYYGD,68.813
PEDLKKIIFKESYPSE,107.68
PDEIKKIYQPTDVPAE,95.718
DKTLKQYINKGQSITE,83.016
YDNISALFIPSDVPHD,90.301
VTVEYRKKDKGVEVGE,97.693
SAKLYTYINLGAYVSE,109.551
PDEIKKIGQPDAEPSE,90.871
STKLIVIPFVGAYYGE,71.69
ENKLKLKAFVGYTYGP,94.176
DEEVQTITIPDRLPSE,98.406
ELEVQQIKQSESYPSY,108.809
EPQPKLILGVGTTVAE,102.359
PEDIHNVSYPPGVPAS,86.444
EKRLKVIPGVGAFIGD,91.665
PDDIHSIYQSESYPSS,107.513
EPKLVKVPNRGQYWGY,90.558
NEELKVIKLSESSPSY,97.703
DDEVHYIIQLPSYPGE,97.114
SSSWYFIPHKGYYLSD,77.024
SAVPVIIPFVGMFLYE,79.607
YPVLITYAGKGWYIGE,79.112
PKDIKRIPQSPFLPSE,90.843
HKRMVIKLYRGFYMSD,109.094
SEALYTETNKGYYIGE,110.652
RDEINQLHLPPTEPGE,99.996
EYEMKVITIPPDLPTY,86.118
SEKDNEIHQPESVPAY,100.047
DKLLFIIPGVGMFYGE,105.868
SPYLIINPFKGIYYGD,83.697
LKIQEIKAFVGETTTE,115.208
SATIIWIPFVGYYIGE,97.117
NEEISKIKQPPSYPSS,107.717
PDDIKTVYVPEYVPSY,96.446
QVVLKVRAFEGAYIGE,89.946
KDEIKLLPYAPQYPSE,97.368
SADLKAIPGVGSDIFD,87.714
QAVLKIIPKVGMYVDE,103.874
SDVLKLYTNRGAEFGP,92.205
SERFEINPWKGMRLTD,84.07
SEQVFFKAWVGMYTGE,106.599
SKKLYMRTNQGYYWGD,90.078
QKKLVVKAFQGYYWSD,90.159
SDEVELKHFPKNQPAS,97.933
SDRWEWKPFVGYRIVR,93.861
PDDIKNIYQDESYPSE,92.248
SVKLIIIPGRGMFYAE,99.981
KKYLYVYVNKGAYIGE,91.771
QKQLYIYAFKGQYISD,103.353
PDGVHTLNVQPSLPGS,98.716
PEEIHKIPNPPSLPSS,95.065
QPKWKIYPFKGMELGE,82.814
SPVEKWVPFVGYSVGE,79.236
SEVLRFIAFKGYSVGP,96.562
PDDIHHVYNPPSTPSY,87.795
NKLIHQIHLPQYQPSD,94.288
QDRLFINPFKGYYVSK,87.684
SPTLYYKAFVGYYVGE,106.712
AHEIKYIYQDEQLPSE,96.983
PEEIKKITQPDDKPSE,87.26
KIVLIIIVNVGIYYGE,86.315
SEKMVIYPNKGAHLGE,101.848
QPVLKYEAFKGQSVGE,79.47
EKRLKIKPYIGYYFGD,89.345
KEAISKYLFNDDTSEE,141.255
DKHIHVVLFDLRVPSE,95.214
PKVLVRKINKGEYYTD,84.866
EIVLVIIPFVGIYYGE,68.299
EDESKDVSYPPVMPGS,95.396
SDEEKIVYYPTWLPSE,121.423
SEDTQKLFNPPDVPSY,98.793
SDEMKQLSLLTAYPSE,89.355
EKKTYFIPFVGYYDAE,74.583
NSEADYFNFPPSVPST,120.212
LLIAYMKINISYYIGE,120.773
DDSADIYYVPQSLPSY,110.603
QETLKINPHKGMFIGP,69.204
LEEVSRLSFPSSEPGD,90.148
PDNISVVYQPDNKPSE,95.467
STVMYIIPFVGYEHTE,80.548
SEEMKQLSNSDLVPSY,80.908
PEEISKIFQPPKVPSS,105.253
PDNTSEIPVPESLPSE,89.121
PEEVSKVFFPPYIPSV,106.485
LTIPVIKLNLGMYEED,89.13
SEEIKIIFLPPRPPGD,90.919
QLRLFYIKDKNSYMDS,89.042
EKEFKKIPWAKQYPSE,92.097
LEEMSEKRYPQSLPSS,94.066
EKQLKVLILKGAYLGE,102.049
RDDTKYIPVPPSVPSE,84.755
SKKLIVNPFKGFYFGE,107.792
DIIPIIIPNKGMYYSE,98.273
PDDTKKLFNDAEHPSS,101.406
DPTLKIKILKGASLGE,90.52
SAVLKTYTHKGAEIGE,96.904
EAKMYMRTNQGYDIHE,83.025
EKKLYTIPFVGASYRE,81.731
TKDTSTVFFPPNVPSS,97.013
QETLKINPFKGTSVGE,104.113
PDDIKRITNPSKIPSS,95.981
QLYMVIIPGVGYYMTK,123.29
SEDITKTSNPQYLPSE,101.948
DIKLVVKAFVGVYFGP,86.12
DEEKKRISNPESEPSE,95.287
PEDIHSIYIPDSIPGS,94.426
SAKLYIIPFVGIYISE,77.193
SAKVVLYPHKGMYIGE,96.315
PEELKILRQLSSYPPT,106.197
VLIIIRIKDKGEELFE,79.891
SEKIYTYMFKGAEIRE,86.362
QPTLKVNTNRGADISE,93.892
SAVLKVNPWKGVFIGE,89.699
TTRLLLKWNKGSDWGP,103.939
QEDFKFSINKGMDYGE,75.486
IDNARYLGNPEDQPGS,99.517
PDDIKTVYHLPSYPAS,103.788
PENTSYIEQSSYYEPS,99.583
QEYYVYYPYKGERIGP,84.928
STTLKINPFKGYSMGE,104.874
SEVLRVIPNVGMFIGP,89.614
TDEISTISLDEKEPGS,92.158
DILKYVIPFVGAHIGP,104.186
EEEVSAIYQPTQEPSE,104.401
ARQIKKVFIPQDVPEE,94.938
SARPIMRALEGMYLGE,111.629
NDDVHSVLDNQSVDAK,98.648
SEDIHRIPVPPSVPAE,85.549
PEDLKSIYVDDEVPSE,94.582
SEEISIIYYPLYLPSE,95.158
EDEQQTIRYPTLRPGF,98.905
PDDTKYIKVLPSYPPS,85.39
LNILYLKPGKGSYEGE,91.808
SKRWVIYPFKGIRIED,75.763
SEKLVVKVGRGMYIGE,101.504
RDETQYIPQSPTQPGE,83.491
LKAISEIHFPPSVPSD,93.973
PEDIHTIYQSESYPGS,88.772
DLIMVIKAFRGYYITE,105.409
SEEAHYVTFPPREPSS,96.184
QEYLIIIPFKGMYYGY,92.466
PHLMKRIYNDEIVPSE,99.877
LLVLYVKQDKGSYWDE,84.896
PDDTRRFSYPTSEPSE,99.947
LTIPNQLTNVKEVPGE,115.044
SEEIRSIQFSQRYPSE,87.407
GDEIEVLIFLWSYPGD,96.532
QPVLKINPFKGQYIGE,78.664
DPTLKLNPFVGAYYGE,80.237
EHLLILYYHKGAFITE,93.071
SDVFKVVPFVGAYIGP,85.408
PDDTSQIKQPDYKPSY,96.29
LSLIKLIFNPPIVPAD,82.158
SLRMIVKAFKGYFWGE,94.894
QPKLYQKINKGSDIFE,108.056
SERLILYPWKGLYWGE,98.125
KDEITTKIYPPRKPSS,122.504
AEEVKEIKLLLTDPGE,87.702
WEDVKSLYNPDLVPGS,82.448
PEEVSKITNPQFLPSS,92.277
MDVQYIKAFVGSYVGK,108.807
PDDISYLKIPPYEPGD,85.059
STQLKTEAFKGMSLGE,133.749
EPKPKYKTGKGSFVGE,88.46
EEEIYETSVPEYEPGS,85.403
PHDMKTIFQDAFVPSE,93.24
SAKLVVYILKGAYIGE,92.859
SERLIMKLYKYMYWGE,90.538
PEEIKKLKDSQSEPGS,91.334
PEDISRMPIVKAYPAY,98.576
PEDIKRIPVPPSYPSE,97.221
PDNQSIKPFPWTYPGD,103.356
DKRLVIIPFVGIFYSD,81.288
ELRLKINPFKGMSMSE,82.003
DITWKYIPKVGWFLGD,76.76
DTEIQEIRLPPFRPSE,95.811
SDELSQVSHPTSEPSE,101.609
SDDTKVIKLSDRTSGS,98.291
QTELKIIPFVGIYWGD,96.901
LDRLVIYPWKGYYFSK,83.276
STYIQVYMNRGYSEVP,116.26
TIIVEMKLNIGYRLTS,117.603
LEEVKEIKQSESYPSS,95.265
KPVLKINPFKGYFIGE,81.787
MKTMYIKAFVGFFISD,137.355
PKDIHKVGQWLEYPGS,85.484
REDVKRFSNPSEPPSE,101.104
DHEIKTITFSDRKPSE,102.744
QKYLKAKLNLGMYLGP,89.332
PKDVSKYFFSDSVPSS,103.767
SATEKVEPHKGVYVGE,73.891
PEDLKRIPVPPFLPSE,91.837
AQEIAQLYLLPQVPSY,137.012
SDQLVIIPNVGSFWTR,111.22
SKTWIIIPWVGVYLGE,86.101
KEELKYVSNPTDLPSE,96.798
SARWYIYPWKGMELRE,97.259
NEELKYIPIPPGLPSE,93.685
EPQLKVKINKGMSWGE,83.011
PEDTKNIYFPSSKPSE,97.644
PDDVQYIKIPPSSPSY,102.714
QQKVSKLLFYASDEFD,102.376
PENISTLNRLPSLPQS,93.529
TKKIRIIWFPENVPAE,98.337
QKYLVIHAFKGIYYGY,83.422
PDELKYIKQPSSVPSY,98.771
KEDIHSILQPAFLPSE,106.709
QPVWKLIPHKGMYVGE,92.278
DEEVKEIHQPDKKPSY,97.555
QAYMKMKLNIGYFIGE,83.057
STRLFIYPFKGYELGE,90.428
PKDISLIKNPSSVPAS,91.398
TEEIKEIRLLPSYPGS,87.51
SKRIELKPNYGSKLTD,88.364
SDQLIIIPFVGMYYGK,95.926
SAELKIYPFKGYYVGE,74.014
SDVLKINPHKGQFVGP,79.984
DLRFIYIPFVGMFMGP,100.242
SKVMYINPWKGYYINE,70.594
EHEVSQIIFKLSYPGD,87.272
KQEDDVQYQPAELPGD,100.25
SEVLVIYPFKGMYIGE,86.351
DEEIKTIQNPSKKPSE,91.117
EIVMYQIPDKGYYFGE,93.843
QKYPKMKLNLGYSFSE,81.305
RDEANVSTDPPLVPAS,106.518
QSRLIIEPGKGYYYGE,87.956
PDNTKYVPVPPSIPSE,87.994
SSTLKTEAFKGFYWGE,80.897
QATLKYKAFVGWSISE,83.731
EERLKIIPFVGAFIGD,87.196
DIVLIVITNRGQYWGP,103.39
SEDLKYTKQPPSEPSE,102.245
ILILYIKQDKGSFVGD,104.69
QKVMIVIPFVGYYMGE,91.539
DVTLYVIPFVGMYIGE,99.33
PEDIHNLYQMPSYPGS,98.408
KTVLKMKLNIGYSFTD,93.868
QKRLIVLCNVGYYMSD,89.905
SATLKINPWKGYSVGD,78.251
PEDIKRISFSESYPGS,95.734
PDDVKNIYFSPSYPSE,110.342
SSKLIIIPFQGSYYGE,82.898
LHELKKYFASESVPMS,102.554
STTLIIYAWKGIRMGE,79.392
LNELKIIFQPPSEPSE,89.609
MKQMYVKAFVGYEVGD,81.93
RDDIHLIRNPSDEPSS,94.672
PDNVSQITNPDSPPGE,92.572
GSEINERSDPQSKPGS,90.75
EVKFIFRTHEGYELHE,100.752
KSEMKIIPQPESLPSE,97.036
SLRLEVIPFVGIRVTD,82.68
SAVYVTYAFKGMYYGE,76.637
TEEIHYVSHPTDLPGE,95.231
QATLVIKPFVGQYYGE,92.342
DEELKKIFQDENVPMS,89.769
QETLKINPFKGYFVGE,72.295
EHEFKYLSEPQSKPSE,114.549
EEEMKYLKQLESYPSK,96.605
LEEISKIFVPPSIPAS,98.607
PDEVKKIKQPESEPSE,102.366
QEVLKIKTNKGQSVGP,90.333
DLRPIVRPFEGYYMGE,73.586
QEQIKIYYWKGYEIGE,87.349
PDDARLVKFLPSYPSE,92.859
SKKPKVIPWKGTYFSD,80.081
DEEIHRLQQPPSLPSE,97.924
SSQLYVKPFKGMSWSD,108.792
QETLKIEAFKGWSIGE,83.229
ADNARLILDSQDRPSE,87.276
LEEVKYVPVPPSVPAE,96.638
KTVLKMKTNKGMYYGD,90.482
PKDVSQIKFLPSYPSE,94.637
LAIPLLKKDVGSELSE,78.847
PNDLRKITNPDKPPGE,97.411
SKVWYVIPGVGAYLGE,103.024
EDRMWIKWNKGYYQSK,79.955
PDEIKKIIVPESLPMS,100.409
PDEIKKIPSSPSYPSE,104.73
SEEMKIIYHPDQLPGS,91.002
SPVLKVNPFRGADIGE,83.806
DLVPKTVPGVGIFLGE,80.774
KEVPKVLLGYGADFGE,121.02
PKDVKIIKQSESYPSS,90.266
ESEVKEIKLDDDVPSE,94.63
SDRLVIYAFKGYRWDK,86.769
PDDIHSIYQPDSIPSE,95.741
QKRLIIIPNRGAFFGD,110.614
QTTLYVKTNKGMFYGD,82.581
PDDIHSIPSSPSYPSY,92.21
QKIAKQNAFKGTYVGD,92.806
ELRIYFIPFVGYYVSD,81.868
PEDVSSIHNPPSIPGS,97.447
DEEIKEIKQSLSYPSE,95.638
SDQLYVVPNRGAYFSK,91.759
QLYLEINPGKGMRMTE,182.097
NEKVNVLDLPTDEPSE,96.126
DITLVIIPFVGIYYGP,70.757
QAYYVINPWKGMYIGE,85.641
GEDIQIIKQLSSYPSS,98.103
PPESSQRSNPPSVPAS,118.04
SDEIHVIKQPEYEPSY,89.673
SLRLEFKAFKGYKVGD,105.614
SDQLKVIPFVGAYYGP,76.148
EVTIKMILGKGASPGE,93.907
REEVSTIKFLPSYPSE,101.802
PEEVKKIKQPPSEPSE,90.425
QKPIKIYYWKGYEIGD,83.399
PEDISTLFNPTDEPSE,91.912
TLILEMIKDKGYRIYE,105.352
SKTLKIYAFKGYEYGP,84.389
PEDIHSITQPSGEPSE,98.788
PDDLKTLSIPDSKPGD,91.941
LKILVLKINKGYYYTE,98.62
EAKPKVNPWKGMDFFE,86.984
PDNVSQITQPSKVPSS,91.166
SATLIIIPFVGAFMGE,92.449
EEEVYKISNPDTVPGS,91.22
SSEISEIHQPESEPSE,89.189
SATLYTKTHIGAYVGE,97.072
SAQDYYRKDQGSFKSE,75.102
PDDLKTITNPDKIPGS,93.853
SDRLFINPFKGYYVSK,82.511
ENEMKINPNPESIPAS,101.977
SLIMYIIAYKGYEVSE,113.607
QKYLKIYAFKGIEFSS,89.894
PEDVHSIFILPQYPSS,93.019
SDEIKYVKVLPSMPGD,94.479
QPKPIFLAFKGYYVGE,80.338
TDEVSEVKKDAFEPGS,92.602
PEDMSKIPNPESVPSY,92.668
EPQPKIIPFVGFYYDD,88.642
SDTLVKAINKGVYWGK,98.194
SAKPIIIPFVGMYYGE,79.244
PEEIQKLFFLSSYPSS,99.709
LEKISQLLFDAVVPAS,114.929
SLRLVLYPWKGLFWTD,97.899
PEDIKTVFQPPSKPSE,102.878
PDDLKKLSNPDAEPSF,102.738
QKQIYVNQFKGWYIGD,95.728
SSEIRSVTNPQSEPSS,105.517
MQTLIVHPFVGFFIGD,77.801
PDDVKVMKYPNHKPSE,96.492
QPYPIRIPFVGQYVGE,83.823
DKVPYWLMFKGMYYSD,100.497
PDDVKSTSNPDKVPSS,95.244
LDEIKIIYIPETEPSY,97.498
QEEIHYIFLPPFRPGS,91.433
QEYMKINPHKGMYIGP,98.803
PEDIKNIPIAPSVPGD,89.714
QPVLILVPHKGFYFGE,96.293
PDDTRSIPLMNSRPSE,93.869
QLTLYFNPFKGFYLGP,70.461
PDEIHIIRTRESYPSE,91.038
NEEISKKYYLPFEPSV,94.725
QLTIYIIPWVGIFWGP,100.745
GEDLKVIYQPSGEPGD,85.861
RDEMKVLSIPTEEPSE,99.259
SATWVIIPFVGIFMGE,78.313
TPTYFLKYNVGAFYGD,150.504
SETLIIYIGKGAYVGE,79.201
PNAIYYIFQNKDVPAE,107.362
PDKVHYIEQPSSLPSE,92.764
QTYIYFLINKGYYEDS,97.141
DDEKEQRSIPYFEPSL,96.513
PDDTSQIKHLPSYPSS,92.589
NEEIQDIRYSMYKPSE,99.607
SEVLKIVPFKGQSVGE,76.254
LEEMKVLSIPSKVPGD,87.023
DETFLFKAFVGMYIGS,82.858
EKKWIINPWKGMYMGE,104.482
SERLIYYVYKGYYWGE,91.668
PDDAKYYPYPPSVPAD,136.596
QPVWLIIAHKGVYLGE,84.962
PKDVHLIKQLESYPSY,90.767
SSESAKLSQLPYIPSE,91.446
DDKLVIIPGVGAYVTK,93.422
LEDMKSITDSDRDKAD,96.824
PEEVQKIKVPESEPSE,98.721
LEELKVIYLQPKYPSY,92.779
SDIMKIKPNIGESQGY,107.334
KDEILRKYNPPSAPSE,112.927
SKDKSKLSVPSDEPAY,100.663
KTVLKTQPNVGAEITD,88.065
SKKLIIIPWVGVYYGD,86.235
PDDVSTVAQPESIPSA,104.603
DEVWKYKPFVGFSIGE,71.643
PDNVSVHFLPPSLPSE,112.008
QPVPYYIPFKGYYYGE,72.258
SDEVKGVPQPPIYPSE,88.896
LDEMKEIKQPDTEPSE,110.969
PEEIKKIPVPPSYPSE,92.684
LPLAKAKAFVGYYMGE,89.398
PDDMKRKPNPAYEPSS,106.849
PDEISKVFNPDRPPGD,89.156
PEDIKTIFVPDRIPSE,98.049
PDDMKKITNPESKPSE,96.547
QPTMFIEAFKGWYIGE,89.972
QDTLVVYIRKGLYIGP,106.442
SLVLYVNPFVGAYVDE,88.114
PDEIKVIRQPTSLPSE,94.402
NQNVTQIPIAPSRPGD,84.623
EPQLIRNMFKGQYYGE,93.854
PDDTKLIHIPPSYPSS,94.812
PEDIKTITQPPKTPSS,95.875
SLQLIIIPFVGHYYGE,86.902
TKICYMKLNISYYVGD,109.954
SAVLVVYAFKGQYFGE,91.18
SAVLKVYPFKGAFIGE,86.036
ASEVKYIKQSSTEPSE,94.207
EPQPKVKAFKGMFWGE,87.255
DETLKINPFVGISIGE,95.778
PDNVHYIPSPPSDLSS,97.434
QLIMDMKAFRGYTIYE,109.543
SAQLYIIPGVGIYWSE,87.263
PEDLKTLPQLSSYPGD,101.256
SKRLFVIPFVGIYYGD,77.839
SKRLFMKLNIGTYYSD,90.21
PDDIKNIYQSPSYPSE,92.071
DEESQRIYKPPSVPAD,113.635
EYELKRLELPEQKPSE,101.666
IAQPDVKAFIGMTMRE,103.411
SDDDKRIPIDESIPGD,96.946
EHETSQIFQWDRYPSE,91.392
PDEIEKISHAPSYPAY,112.581
DKALYVKPFIGQSWSD,74.614
EEEIKQYLNLESYDSK,99.123
PEDTKKIPNPPSQPSE,87.378
PEEISKIKFLPSYPSE,86.854
EPKLKVNMFKGAYFGE,84.17
NSEMLKKYRPLQFPGE,93.532
PDDTTKLSFPTDTPSE,108.128
QPKPKMIPFVGFFMGE,70.156
SIVLKYKAFIGITYGD,93.781
QDQVVMKLNIGYYKTK,84.236
EDKFILYPWKGLYWGP,91.937
DKEAYVSEFPTSLPAE,118.658
QPTWIIIPNKGMYVGE,83.127
SLYLYVNPFKGSYVSE,98.839
SKRLFIHAFKGFFWGD,98.332
PDNVQYTSNPESVPSE,96.693
AKIFVLKYNVGGYVTD,103.338
SEVFVVNPFKGYYVSD,70.196
PEDVSVIKFLPSYPGS,87.163
EELLIVIPHKGSYQGE,95.986
PEDISQIKQPSGIPGE,85.34
SDQLVVYTNRGAYIGK,83.413
PEDIKKVTYPSDLPGE,90.325
LKYVHYILIPAYKPGD,89.56
QEHYVIIPWVGVYIGE,81.25
EPKPKMKLNIGYSMGE,83.139
KYEIEIFFLPTIEPSE,97.05
REELTSKHFPTSIPAE,94.295
SDVPKEIKKVGYYLGE,85.358
PDDIESDKRPEYLPAS,101.831
QPVLYLVPKVGFYYDS,101.697
EEEVYYIPSPKNVPAS,106.154
DEEMKIIFVLERYPSE,94.876
DLRLFVIPFVGQFYGP,81.295
PDETKKIKQSSKEPSE,104.812
TTVAKIKLDRGESYGE,92.876
SEEPKISAFKGAFIGE,78.363
PEEVSKIKQSESYPGS,88.504
SERLVVYPFKGMFVTD,84.175
DQTLVIIPFVGMYIGD,84.617
QKIMYMNPFKGYFMSD,99.728
SSKMYIIANKGAYIGD,116.124
SDYLYVKLNRGSSVSK,89.019
TDNLKTYSQPTVTPAS,100.339
PDDIKRIFWYPSYPSS,101.595
TEEIHLLSVPSQVPSE,101.853
PEDMQKIEYSQSKPSE,92.991
TIVPDVNPFKGERYYE,83.519
MTLLYAKAYIGYYYGD,97.291
PDDVSAMIFKESYPSE,97.74
SKRIEVIPGVGARTTD,100.105
QPQLKAILGKGYSYSE,78.632
EKRWVIKPHYGMEIQD,84.57
SKKLVMILNRGYYYGE,89.464
PEETQKIFNPESVPSE,93.433
QKRLIHKPWVGYFFGD,92.56
PEEVSKIIVSESYPSE,96.635
SEDLKRITIPSKYPSE,103.684
EEEMKQLLNPPVLPRE,100.627
SEEAKQIHHPEKKPGS,100.155
DEEIYVIYQPEKLPSS,96.813
SEELKVIIQPPSLPSE,95.148
DKRLYINPFKGWYISD,106.016
SDKLVINPFKGSYMSK,93.863
QTKQYFIPFVGSYLAD,86.819
LEELRYITIDYYEPGS,92.001
PEDIKNVYQLPSYPGS,91.109
SSELRKVYIPPSEPSE,98.921
SKVLKVKAFVGASIGE,95.451
PEDIQKIKVPPSYPSE,91.684
RDDTKELSTPPSVPAS,95.56
SAVLKYKAFVGYYMGE,86.211
PDEIKKISQDEDYPSE,89.215
EEEISVIKQPDAEPSE,93.537
PENLKDPKYLQYYPSE,97.68
SDVLHMKLNLGAYWGP,81.835
DEVYLMNAFKGSFLTK,103.401
SEDITRITNPESEPGD,97.071
QEKPKVILGVGASTGP,89.703
SSSLKTKAWKGQYVGE,91.884
KPYYVIIPHKGMYVGE,78.675
QKQLFVVPFKGYYVSD,94.418
MKILYIKAFKGFYIGD,92.129
NDEITLIFYPNHEPSL,99.836
QATLKMKAFKGYYMGE,90.464
PEKISYILFTASVPMY,99.628
DPTLIIIPGKGMYFGE,72.966
PKDIQYVPVPPSKPGE,90.327
PEEIQKIKQEEGKPSS,96.359
RSEMHTSKDTTDKPGD,97.473
PDDTSQIKQTQEKPGD,75.94
SKRLYVNPYKGYYVGE,80.21
PDDLSQKKNPPSQPGS,92.41
EEKLYININKGYYFGE,87.613
TKELKDISIPTSLPSE,86.936
QPDLIMNAFKGYFIGE,82.243
PDEIKKVTNPEDIPSE,94.253
DEEIQKIKKDDTKPGE,100.382
PDDIKRVSNPPSVPSE,78.732
PEDLKRISQPVTTPSY,96.359
MAFLYIVLGKYSDLHE,94.07
SKKIVLYINKGEEIRD,77.492
STTIKIDPHKGMSIGE,78.019
PDETKKITNPSKKPSE,96.178
QPTLYIIPFVGYYVGE,69.422
SEEIHYVYQPDTKPSY,90.897
STRLFIIPFVGMYLGE,81.855
DEELKYLTNPDGIPSD,98.061
SDEQTSIHRPSSVPAS,94.925
TEEVSAIFDGPSLPMS,101.723
PDEIHHDYFLPSFPSY,95.494
SETYKINPWKGMSVGE,93.49
LEEEKRPVVPPEKPGS,104.008
PDETKKIKLPESEPSE,92.857
SDRLVVIPFVGIYYSK,66.564
SSKLYVEAFKGQFTSE,74.122
DKEISQLSNPDKVPAS,97.358
MNLLLVKINRGYSYGD,113.345
STVPYLNPWKGFYFGE,81.859
SLVLYIRPFEGFYVSE,88.121
PEEISKYIFHEILPSE,94.323
ETKIYLYVNKGMELRE,82.053
ETRLYMNPFKGWYIGE,94.554
DETLKIEFRKGAYFGE,87.084
TEDISVIEFPPYTPGS,99.065
QEEIKVIKQPDDEPGE,89.207
SKRLFTEAFKGQYVSD,79.533
DDEIHVISQPEKEPPT,100.41
PDSLKIISNPSDSPAE,99.877
QPVLKVNPFKGYYIGE,78.866
QPQEIRYVNKGFEIRE,94.444
SEKLYRKDFRGEYISE,106.583
QLYLKIIPHKGEFWGP,87.415
QPTYKFKAFKGMYVGE,85.62
QSTVKFEPWRGMSLGE,138.447
SETLVILPNKGIYIGE,76.356
SATLYMRHNEGYYMGE,104.713
EPQFKYKAFVGYFIGE,80.642
PEDKKNVTNPNRVPGE,98.573
EPQLVVIPFKGSYYSE,88.435
SSVPYINYAKGSYVSD,99.191
EPQPKIIPFVGMYMGE,85.398
SAVLRIKMFKGATFSE,100.039
AEDIKTITNPPLVPAS,87.484
QKQLYIEIFKGWYIGD,107.533
SENLYMKPFVGYRIGS,85.158
QIVLKIKPHVGQYYGP,85.123
PDNVSQIPFLPSYPGE,105.675
MLNMRIKAFVGFSVGS,106.834
ESKPKTKAFKGMYYGE,91.22
ETRLFIIPFVGYYEGD,84.394
SKVLVIITNRGAEYRE,87.361
DKRMYIMAFRGYFMSD,85.797
SDDIKRYSYPTEDDSK,107.52
QKYLKVRKDIGEYMGE,84.596
QDRLFMKYGVGYYISK,108.313
QPDHIIIPFKGSYVGE,80.929
DEEAMILYYPPSSESY,104.013
SLKIVLYPWKGLYISE,107.273
SSTLKIIPHVGAYIGE,82.194
QLVLYIVPDRGSYVSE,85.602
LKEIKTLNNPPLLPSE,108.336
QDKFYYEINKGYYFTK,91.963
PKDVSKIPVPPSYPSE,100.696
DEEVSYIPQPPLRPSS,99.061
DARMIVIPWRGYYWGE,87.798
QEEISKYLQSYNEDSY,101.977
PDEIKKIFNLPSYKSD,86.643
PDDIKHVYNPYLPPSE,97.45
QKREFIKLNRGSYVTD,76.254
KLIPVTYAFKGMYLGE,89.116
EKQPKTEMFKGAFYGE,85.893
SDRLVLYPHKGFYIGD,89.804
RHEIKQLRLPPYQPGE,102.445
PENISQLSVPTTVPSY,95.653
PDDTSQVHFDSNLPGE,106.428
SLVPKLQPGVGMYLGE,99.192
PDELKKLSNPETKPSE,93.872
ENEFTQQTDPPSVPGW,79.064
PEDVKSIPNPDSQPSE,89.964
PEEIYYITNPPKKPAY,102.429
KDDASVDSYPKSVPGS,111.245
PDDVSKVKNPEYEPSS,91.565
EDQLYINPFVGLYFGP,95.952
PEDLRRFSFPTYKPSE,99.435
QSVLRAKLNRGTYWGD,114.951
ETRMYMKAFVGYYVGE,79.74
SAQLVIVPGVGADYYE,86.464
EAQLKINAFKGISWGE,81.292
DPDFKIWINKGMFYGE,77.699
SEEVKIVSQWLDYPSE,93.007
PDEIKKIKQSDHEPSS,98.198
EEEVHELHLLPSYPSE,94.392
EKEQTQWDLDWYIPGE,100.741
PEEIQKIKLLPSYPSE,96.852
SEETKQVFIPELVPSF,89.166
QKRVFMKTNISYYFSD,100.936
DSEMEVIFQPDAKPSE,104.812
PDEISRILNPPVYPSE,90.819
DSEVSKIPVPPWKPSE,85.883
SDQWYYITNVGVELRS,109.088
QKRMDEKTNQGYSFTD,111.202
SEDMKRVTNPPSEPSS,103.206
